{
  "tag": "smoke-r7",
  "timestamp": "20260503T043546Z",
  "duration": 30,
  "rps_target": 5.0,
  "stats": {
    "boGET /api/v1/tables": {
      "total": 21,
      "errors": 0,
      "error_rate": 0.0,
      "p50": 3.33070001215674,
      "p95": 6.087699992349371,
      "p99": 15.063700004247949,
      "mean": 4.053690477684584,
      "max": 15.063700004247949
    },
    "boGET /api/v1/payout-structures": {
      "total": 8,
      "errors": 0,
      "error_rate": 0.0,
      "p50": 4.141199984587729,
      "p95": 8.530300023267046,
      "p99": 8.530300023267046,
      "mean": 4.361562507256167,
      "max": 8.530300023267046
    },
    "boGET /api/v1/series": {
      "total": 26,
      "errors": 0,
      "error_rate": 0.0,
      "p50": 3.6681999918073416,
      "p95": 6.804499978898093,
      "p99": 6.857100001070648,
      "mean": 3.9411230726937694,
      "max": 6.857100001070648
    },
    "boGET /api/v1/flights": {
      "total": 13,
      "errors": 0,
      "error_rate": 0.0,
      "p50": 3.7108999968040735,
      "p95": 7.002600003033876,
      "p99": 7.002600003033876,
      "mean": 4.227815381734847,
      "max": 7.002600003033876
    },
    "boGET /api/v1/hands?limit=20": {
      "total": 21,
      "errors": 0,
      "error_rate": 0.0,
      "p50": 3.520600002957508,
      "p95": 6.15170001401566,
      "p99": 8.815999986836687,
      "mean": 3.7251380895863155,
      "max": 8.815999986836687
    },
    "boGET /api/v1/events": {
      "total": 19,
      "errors": 0,
      "error_rate": 0.0,
      "p50": 3.186200017808005,
      "p95": 8.124800020596012,
      "p99": 8.124800020596012,
      "mean": 3.556600002890551,
      "max": 8.124800020596012
    },
    "boGET /api/v1/audit-events?limit=50": {
      "total": 10,
      "errors": 0,
      "error_rate": 0.0,
      "p50": 4.515999986324459,
      "p95": 7.780599989928305,
      "p99": 7.780599989928305,
      "mean": 4.4389499962562695,
      "max": 7.780599989928305
    },
    "boGET /health": {
      "total": 2,
      "errors": 0,
      "error_rate": 0.0,
      "p50": 5.113499995786697,
      "p95": 5.113499995786697,
      "p99": 5.113499995786697,
      "mean": 5.088149991934188,
      "max": 5.113499995786697
    },
    "boGET /api/v1/skins": {
      "total": 5,
      "errors": 0,
      "error_rate": 0.0,
      "p50": 3.867999999783933,
      "p95": 6.579700013389811,
      "p99": 6.579700013389811,
      "mean": 3.877179999835789,
      "max": 6.579700013389811
    },
    "engineGET /health": {
      "total": 13,
      "errors": 0,
      "error_rate": 0.0,
      "p50": 5.2724000124726444,
      "p95": 6.722000020090491,
      "p99": 6.722000020090491,
      "mean": 4.359338463893017,
      "max": 6.722000020090491
    },
    "boGET /api/v1/blind-structures": {
      "total": 2,
      "errors": 0,
      "error_rate": 0.0,
      "p50": 10.366200003772974,
      "p95": 10.366200003772974,
      "p99": 10.366200003772974,
      "mean": 6.536850007250905,
      "max": 10.366200003772974
    }
  },
  "gate": {
    "pass": true,
    "failures": []
  }
}